{
  "mean": 5.329507924965493e-05,
  "std": 3.543726982003153e-05,
  "threshold": 0.2415550880896692
}