{
  "mean": 5.489256700936565e-05,
  "std": 3.343108001498852e-05,
  "threshold": 0.6128859703832106
}